{
  "3": 53.22751322751322,
  "8": 50.44973544973546,
  "13": 52.75974025974025,
  "18": 50.16233766233764,
  "23": 50.27685492801771,
  "28": 50.13842746400886,
  "33": 50.765306122449,
  "38": 50.595238095238095,
  "43": 49.303135888501735,
  "48": 51.97444831591172,
  "53": 51.041666666666664,
  "58": 51.220238095238095
}
