{"5": 51.47381326715008, "10": 51.47493049563798, "20": 49.11308968031658, "30": 51.505159273062745}