{"5": 64.44444444444444, "10": 65.55555555555556, "20": 67.77777777777777, "30": 51.111111111111114}