{"3": 62.888888888888886, "5": 53.33333333333334, "7": 48.888888888888886}