{"5": 51.431509763107876, "10": 51.18071311652944, "20": 49.16472999456195, "30": 51.92901380174343}